<?xml version="1.0" encoding="UTF-8"?>
<project-private xmlns="http://www.netbeans.org/ns/project-private/1">
    <editor-bookmarks xmlns="http://www.netbeans.org/ns/editor-bookmarks/2" lastBookmarkId="0"/>
    <open-files xmlns="http://www.netbeans.org/ns/projectui-open-files/2">
        <group>
            <file>file:/D:/project/htdocs/jadis/wp-content/themes/twentyfifteen/search.php</file>
            <file>file:/D:/project/htdocs/jadis/wp-content/themes/twentyfifteen/archive.php</file>
            <file>file:/D:/project/htdocs/jadis/wp-content/themes/twentyfifteen/index.php</file>
            <file>file:/D:/project/htdocs/jadis/wp-content/themes/twentyfifteen/content-search.php</file>
            <file>file:/D:/project/htdocs/jadis/wp-content/themes/twentyfifteen/css/responsive.css</file>
            <file>file:/D:/project/htdocs/jadis/wp-content/themes/twentyfifteen/content-single.php</file>
            <file>file:/D:/project/htdocs/jadis/wp-content/themes/twentyfifteen/style.css</file>
        </group>
    </open-files>
</project-private>
